[
    {
        "standardized place": "Amsterdam",
        "plaats": "Amsterdam"
    },
    {
        "standardized place": "Parijs",
        "plaats": "Parijs"
    },
    {
        "standardized place": "Valenciennes",
        "plaats": "Valencienne"
    },
    {
        "standardized place": "Valencienses",
        "plaats": "Valenciennes"
    },
    {
        "standardized place": "Amsterdam",
        "plaats": "Amsterdam?"
    },
    {
        "standardized place": "Haarlem",
        "plaats": "Haarlem"
    },
    {
        "standardized place": "Leiden",
        "plaats": "Leiden"
    },
    {
        "standardized place": "Rotterdam",
        "plaats": "Rotterdam"
    },
    {
        "standardized place": "Antwerpen",
        "plaats": "Antwerpen"
    },
    {
        "standardized place": "Schiedam",
        "plaats": "Schiedam"
    },
    {
        "standardized place": "Hoorn",
        "plaats": "Hoorn"
    },
    {
        "standardized place": "Brussel",
        "plaats": "Brussel"
    },
    {
        "standardized place": "Utrecht",
        "plaats": "Utrecht"
    },
    {
        "standardized place": "Enkhuizen",
        "plaats": "Enkhuizen"
    },
    {
        "standardized place": "Den Haag",
        "plaats": "Den Haag"
    },
    {
        "standardized place": "Delft",
        "plaats": "Delft"
    },
    {
        "standardized place": "Harderwijk",
        "plaats": "Harderwijk"
    },
    {
        "standardized place": "Hoorn",
        "plaats": "[Hoorn]"
    },
    {
        "standardized place": "Gent",
        "plaats": "Gent"
    },
    {
        "standardized place": "Den Haag",
        "plaats": "'s-Gravenhage"
    },
    {
        "standardized place": "Dordrecht",
        "plaats": "Dordrecht"
    },
    {
        "standardized place": "Aalst",
        "plaats": "Aalst"
    },
    {
        "standardized place": "Arnhem",
        "plaats": "Arnhem"
    },
    {
        "standardized place": "Zwolle",
        "plaats": "Zwolle"
    },
    {
        "standardized place": "Rees",
        "plaats": "Rees"
    },
    {
        "standardized place": "Gouda",
        "plaats": "Gouda"
    },
    {
        "standardized place": "Amsterdam",
        "plaats": "Amsterdam]"
    },
    {
        "standardized place": "Heidelberg",
        "plaats": "Heidelberg"
    },
    {
        "standardized place": "Amsterdam",
        "plaats": "Amstelredam"
    },
    {
        "standardized place": "Leuven",
        "plaats": "Leuven"
    },
    {
        "standardized place": "",
        "plaats": ""
    },
    {
        "standardized place": "Venetië",
        "plaats": "Venetia"
    },
    {
        "standardized place": "Den Bosch",
        "plaats": "Den Bosch"
    },
    {
        "standardized place": "Emmerik",
        "plaats": "Emmerik"
    },
    {
        "standardized place": "Nijmegen",
        "plaats": "Nijmegen"
    },
    {
        "standardized place": "Emmerik",
        "plaats": "Emmerick"
    },
    {
        "standardized place": "Alkmaar",
        "plaats": "Alkmaar"
    },
    {
        "standardized place": "Gorinchem",
        "plaats": "Gorinchem"
    },
    {
        "standardized place": "",
        "plaats": "z.p."
    },
    {
        "standardized place": "",
        "plaats": "Zie comm."
    },
    {
        "standardized place": "Utrecht",
        "plaats": "[Utrecht] oorspronkelijke druk"
    },
    {
        "standardized place": "Haarlem",
        "plaats": "[Haarlem]"
    },
    {
        "standardized place": "Straelsund",
        "plaats": "Straelsund"
    },
    {
        "standardized place": "Amsterdam",
        "plaats": "Amsterdam?]"
    },
    {
        "standardized place": "Amsterdam",
        "plaats": "[Amsterdam?]"
    },
    {
        "standardized place": "Delft",
        "plaats": "[Delft?]"
    },
    {
        "standardized place": "Nieuwstraat Inden Witten Hasewint",
        "plaats": "Nieuwstraat Inden Witten Hasewint"
    },
    {
        "standardized place": "Amsterdam",
        "plaats": "Amsterdam."
    },
    {
        "standardized place": "Breda",
        "plaats": "Breda"
    },
    {
        "standardized place": "Schiedam",
        "plaats": "Schiedam, buiten"
    },
    {
        "standardized place": "Overschie",
        "plaats": "Overschie"
    },
    {
        "standardized place": "Middelburg",
        "plaats": "Middelburg"
    },
    {
        "standardized place": "Darmstad",
        "plaats": "Darmstad"
    },
    {
        "standardized place": "Medemblik",
        "plaats": "Medemblik"
    },
    {
        "standardized place": "Zwolle",
        "plaats": "Zwolle (uitgave)"
    },
    {
        "standardized place": "Amsterdam",
        "plaats": "[Amsterdam]"
    },
    {
        "standardized place": "Emden",
        "plaats": "Emden?]"
    },
    {
        "standardized place": "Franeker",
        "plaats": "Franeker"
    },
    {
        "standardized place": "Vlissingen",
        "plaats": "Vlissingen"
    },
    {
        "standardized place": "Deventer",
        "plaats": "Deventer"
    },
    {
        "standardized place": "Wormerveer",
        "plaats": "Wormerveer"
    },
    {
        "standardized place": "",
        "plaats": "s.l."
    },
    {
        "standardized place": "Emden",
        "plaats": "Emden"
    },
    {
        "standardized place": "Amsterdam",
        "plaats": "Amsterdam/Utrecht"
    },
    {
        "standardized place": "Mechelen",
        "plaats": "Mechelen"
    },
    {
        "standardized place": "Keulen",
        "plaats": "Keulen?]"
    },
    {
        "standardized place": "Steenwijk",
        "plaats": "Steenwijk?]"
    },
    {
        "standardized place": "Groningen",
        "plaats": "Groningen"
    },
    {
        "standardized place": "Londen",
        "plaats": "Londen"
    },
    {
        "standardized place": "Kortrijk",
        "plaats": "Kortrijk"
    },
    {
        "standardized place": "Antwerpen",
        "plaats": "[Antwerpen]"
    },
    {
        "standardized place": "Antwerpen",
        "plaats": "Antwerpen]"
    },
    {
        "standardized place": "Gorcum",
        "plaats": "Gorcum"
    },
    {
        "standardized place": "Zaandam",
        "plaats": "Zaandam"
    },
    {
        "standardized place": "Emden",
        "plaats": "Emden]"
    },
    {
        "standardized place": "Groessen",
        "plaats": "Groessen]"
    },
    {
        "standardized place": "Frankfurt",
        "plaats": "Frankfurt [=Wesel?]"
    },
    {
        "standardized place": "Zuidelijke Nederlanden",
        "plaats": "Zuidelijke Nederlanden"
    },
    {
        "standardized place": "Franeker",
        "plaats": "Franeker]"
    },
    {
        "standardized place": "Haarlem",
        "plaats": "Haarlem?]"
    },
    {
        "standardized place": "Gent",
        "plaats": "Gent]"
    },
    {
        "standardized place": "Antwerpen",
        "plaats": "Colen, Buyten [=Antwerpen]"
    },
    {
        "standardized place": "",
        "plaats": "Doesburg, buiten (schijnadres)"
    },
    {
        "standardized place": "",
        "plaats": "Keulen, buiten (schijnadres)"
    },
    {
        "standardized place": "Keulen",
        "plaats": "Keulen]"
    },
    {
        "standardized place": "Deventer",
        "plaats": "Deventer]"
    },
    {
        "standardized place": "Münster",
        "plaats": "Münster, zusterhuis Marienthal (Niesing) "
    },
    {
        "standardized place": "Kessel",
        "plaats": "Kessel (Gelderland)"
    },
    {
        "standardized place": "Kampen",
        "plaats": "Kampen"
    },
    {
        "standardized place": "Alkmaar",
        "plaats": "Antwerpen [=Alkmaar]"
    },
    {
        "standardized place": "Brabant",
        "plaats": "Brabant?"
    },
    {
        "standardized place": "Delft",
        "plaats": "Delft]"
    },
    {
        "standardized place": "Leiden",
        "plaats": "Leiden?]"
    },
    {
        "standardized place": "Brugge",
        "plaats": "Brugge"
    },
    {
        "standardized place": "Amsterdam",
        "plaats": "Franckfort [Amsterdam]"
    },
    {
        "standardized place": "Antwerpen",
        "plaats": "Antwerpen "
    },
    {
        "standardized place": "Antwerpen",
        "plaats": "Strasbourg [=Antwerpen?]"
    },
    {
        "standardized place": "Leeuwarden",
        "plaats": "Leeuwarden]"
    },
    {
        "standardized place": "Utrecht",
        "plaats": "Bisdom Utrecht"
    },
    {
        "standardized place": "Sint-Truiden",
        "plaats": "Sint-Truiden"
    },
    {
        "standardized place": "Weststellingwerf",
        "plaats": "Weststellingwerf"
    },
    {
        "standardized place": "Amsterdam",
        "plaats": "Amsterdam [col]"
    },
    {
        "standardized place": "Lier",
        "plaats": "Lier"
    },
    {
        "standardized place": "Leeuwarden",
        "plaats": "Leeuwarden"
    },
    {
        "standardized place": "Antwerpen",
        "plaats": "Antwerpen?]"
    },
    {
        "standardized place": "Antwerpen",
        "plaats": "[Antwerpen?]"
    },
    {
        "standardized place": "Delft",
        "plaats": "[Delft]"
    },
    {
        "standardized place": "Steenwijk",
        "plaats": "Steenwijk]"
    },
    {
        "standardized place": "Sedan",
        "plaats": "Sedan]"
    },
    {
        "standardized place": "Friesland",
        "plaats": "Friesland"
    },
    {
        "standardized place": "Rotterdam",
        "plaats": "[Rotterdam]"
    },
    {
        "standardized place": "Den Bosch",
        "plaats": "'s-Hertogenbosch"
    },
    {
        "standardized place": "Holland",
        "plaats": "Holland of Utrecht"
    },
    {
        "standardized place": "Delft",
        "plaats": "Delft "
    },
    {
        "standardized place": "Gelre",
        "plaats": "Gelre (Venlo?)"
    },
    {
        "standardized place": "Nederrijngebied",
        "plaats": "Nederrijngebied (nabij de Duits-Nederlandse grens)"
    },
    {
        "standardized place": "Wesel",
        "plaats": "Wesel [Vianen-]"
    },
    {
        "standardized place": "Gelderland",
        "plaats": "Gelderland"
    },
    {
        "standardized place": "Den Ham",
        "plaats": "Den Ham (Overijssel)"
    },
    {
        "standardized place": "Dordrecht",
        "plaats": "Dordrecht?"
    },
    {
        "standardized place": "Overijssel",
        "plaats": "Overijssel (Vollenhove?)"
    },
    {
        "standardized place": "",
        "plaats": "auteur"
    },
    {
        "standardized place": "Rotterdam",
        "plaats": "Rotterdam]"
    },
    {
        "standardized place": "Gent",
        "plaats": "Vlaanderen (Gent?)"
    },
    {
        "standardized place": "Keulen",
        "plaats": "Keulen"
    },
    {
        "standardized place": "Holland",
        "plaats": "Holland?"
    },
    {
        "standardized place": "",
        "plaats": "at the foote of Adling Hill [=?]"
    },
    {
        "standardized place": "",
        "plaats": "Buiten Rom"
    },
    {
        "standardized place": "Dordrecht",
        "plaats": "Dordrecht]"
    },
    {
        "standardized place": "Nederrijngebied",
        "plaats": "Nederrijngebied"
    },
    {
        "standardized place": "Eekwerd",
        "plaats": "Eekwerd (bij Loppersum)"
    },
    {
        "standardized place": "Utrecht",
        "plaats": "Utrecht?]"
    },
    {
        "standardized place": "Norwich",
        "plaats": "[Norwich]"
    },
    {
        "standardized place": "Keulen",
        "plaats": "Keulen (buiten)"
    },
    {
        "standardized place": "Antwerpen",
        "plaats": "Antwerpen? Oudenaarde?"
    },
    {
        "standardized place": "Breukelen",
        "plaats": "Breukelen"
    },
    {
        "standardized place": "Oudenburg",
        "plaats": "Oudenburg, Sint-Janshospitaal"
    },
    {
        "standardized place": "Brouwershaven",
        "plaats": "Brouwershaven"
    },
    {
        "standardized place": "Amsterdam",
        "plaats": "Amsterdam en Montfoort"
    },
    {
        "standardized place": "Brabant",
        "plaats": "Brabant? Zuidelijke Nederlanden?"
    },
    {
        "standardized place": "Vlaanderen",
        "plaats": "Vlaanderen"
    },
    {
        "standardized place": "Gent",
        "plaats": "Gent?"
    },
    {
        "standardized place": "Brugge",
        "plaats": "Brugge of Gent?"
    },
    {
        "standardized place": "Zuidelijke Nederlanden",
        "plaats": "Zuidelijke Nederlanden?"
    },
    {
        "standardized place": "Walcheren",
        "plaats": "West-Souburg (Walcheren)?"
    },
    {
        "standardized place": "Dendermonde",
        "plaats": "Dendermonde"
    },
    {
        "standardized place": "Holland",
        "plaats": "Noordelijke Nederlanden (Holland?)"
    },
    {
        "standardized place": "Amsterdam",
        "plaats": "Amsterdan"
    },
    {
        "standardized place": "Zoutleeuw",
        "plaats": "Zoutleeuw, Regularissen: Bethanië"
    },
    {
        "standardized place": "Dordrecht",
        "plaats": "Zuid-Holland (Dordrecht?)"
    },
    {
        "standardized place": "Antwerpen",
        "plaats": "Antwerpen?"
    },
    {
        "standardized place": "Noordelijke Nederlanden",
        "plaats": "Noordelijke Nederlanden?"
    },
    {
        "standardized place": "Gelderland",
        "plaats": "Gelderland (Middachten)"
    },
    {
        "standardized place": "Haarlem",
        "plaats": "Haarlem?"
    },
    {
        "standardized place": "Holland",
        "plaats": "Holland"
    },
    {
        "standardized place": "",
        "plaats": "div. plaatsen, o.m. Douai"
    },
    {
        "standardized place": "Zuid-Holland",
        "plaats": "Zuid-Holland"
    },
    {
        "standardized place": "Utrecht",
        "plaats": "Utrecht?"
    },
    {
        "standardized place": "Overijsel",
        "plaats": "Overijsel"
    },
    {
        "standardized place": "Tongeren",
        "plaats": "Tongeren"
    },
    {
        "standardized place": "Brugge",
        "plaats": "Sint-Anna ter Woestine bij Brugge"
    },
    {
        "standardized place": "Maastricht",
        "plaats": "Maastricht"
    },
    {
        "standardized place": "Leuven",
        "plaats": "[Leuven / Antwerpen]"
    },
    {
        "standardized place": "Leuven",
        "plaats": "Leuven / Antwerpen"
    },
    {
        "standardized place": "Vlaanderen",
        "plaats": "Vlaanderen?"
    },
    {
        "standardized place": "Gent",
        "plaats": "[Gent]"
    },
    {
        "standardized place": "Keulen",
        "plaats": "Keulen (fictief? )"
    },
    {
        "standardized place": "Leuven",
        "plaats": "Leuven [fictief?]"
    },
    {
        "standardized place": "Mechelen",
        "plaats": "[Mechelen]"
    },
    {
        "standardized place": "Schoonhoven",
        "plaats": "Schoonhoven"
    },
    {
        "standardized place": "Frederikstad",
        "plaats": "Frederikstad"
    },
    {
        "standardized place": "Brugge",
        "plaats": "Brugge [=Breda?]"
    },
    {
        "standardized place": "",
        "plaats": "op de Plaetse Mallen-bergh, in den Naem Iesus"
    },
    {
        "standardized place": "",
        "plaats": "inde Breydel-straet in S. Antonius"
    },
    {
        "standardized place": "",
        "plaats": "naest d'Abdye van Ste. Michiels"
    },
    {
        "standardized place": "Antwerpen",
        "plaats": "Antwerpen [te koop in]"
    },
    {
        "standardized place": "Amsterdam",
        "plaats": "Antwerpen [=Amsterdam (STCN)]"
    },
    {
        "standardized place": "Duinkerken",
        "plaats": "Duinkerken"
    },
    {
        "standardized place": "",
        "plaats": "op de Lombaerde Veste, inden gulden Bijbel"
    },
    {
        "standardized place": "Kortrijk",
        "plaats": "Cortryck [Kortrijk]"
    },
    {
        "standardized place": "Amsterdam",
        "plaats": "Antwerpen [=Amsterdam]"
    },
    {
        "standardized place": "Kalken",
        "plaats": "Kalken"
    },
    {
        "standardized place": "Brugge",
        "plaats": "Brugge [te koop in] op den Burcht vintmense te coopen"
    },
    {
        "standardized place": "Antwerpen",
        "plaats": "Antwerpen (by den Jesuiten Thoren, in S. Ignatius)"
    },
    {
        "standardized place": "Brugge",
        "plaats": "Brugghe"
    },
    {
        "standardized place": "Utrecht",
        "plaats": "[Utrecht](Anjelierstraat over Vredenburg)"
    },
    {
        "standardized place": "Gent",
        "plaats": "Gend"
    },
    {
        "standardized place": "Amsterdam",
        "plaats": "Amsteldam [Amsterdam]"
    },
    {
        "standardized place": "Schoorsse en Everbeke",
        "plaats": "Schoorsse en Everbeke"
    },
    {
        "standardized place": "Krommenie",
        "plaats": "Krommenie"
    },
    {
        "standardized place": "Heerenveen",
        "plaats": "Heerenveen"
    },
    {
        "standardized place": "De Rijp",
        "plaats": "De Rijp"
    },
    {
        "standardized place": "Luik",
        "plaats": "Luik"
    },
    {
        "standardized place": "Amsterdam",
        "plaats": "Amsterdam (Dirk van Hasseltsteeg)"
    },
    {
        "standardized place": "Dokkum",
        "plaats": "Dokkum"
    },
    {
        "standardized place": "Leiden",
        "plaats": "Leiden]"
    },
    {
        "standardized place": "Steenwijk",
        "plaats": "Steenwijk"
    },
    {
        "standardized place": "Edam",
        "plaats": "Edam"
    },
    {
        "standardized place": "Wetten",
        "plaats": "Wetten (Duitsland: Noord-Rijnland-Westfalen)"
    },
    {
        "standardized place": "Harlingen",
        "plaats": "Harlingen"
    },
    {
        "standardized place": "",
        "plaats": "onbekend"
    },
    {
        "standardized place": "Monnikendam",
        "plaats": "Monnikendam"
    },
    {
        "standardized place": "Amsterdam",
        "plaats": "Amsterdam "
    },
    {
        "standardized place": "Oud-Rome",
        "plaats": "\"Oud-Rome\""
    },
    {
        "standardized place": "Bergen op Zoom",
        "plaats": "Bergen op Zoom"
    },
    {
        "standardized place": "Den Haag",
        "plaats": "Burghoorn"
    },
    {
        "standardized place": "Kevelaer",
        "plaats": "Kevelaer"
    },
    {
        "standardized place": "Amersfoort",
        "plaats": "Amersfoort"
    },
    {
        "standardized place": "Rotterdam",
        "plaats": "Rotterdam enz."
    },
    {
        "standardized place": "Utrecht",
        "plaats": "[Utrecht?]"
    },
   {
        "plaats": "Ieper",
        "standardized place": "Ieper"
    },
    {
        "plaats": "Woerden",
        "standardized place": "Woerden"
    },
    {
        "plaats": "Amsterdam (Anjeliersgracht, bij de tweede dwarsstraat)",
        "standardized place": "Amsterdam"
    },
    {
        "plaats": "Sneek",
        "standardized place": "Sneek"
    },
    {
        "plaats": "['s-Gravenhage]",
        "standardized place": "Den Haag"
    },
    {
        "plaats": "Amsterdam (Reguliersbreestraat)",
        "standardized place": "Amsterdam"
    },
    {
        "plaats": "Zaandam, Alkmaar, Amsterdam e.a.",
        "standardized place": "Zaandam"
    },
    {
        "plaats": "Gent (Brabanddam)",
        "standardized place": "Gent"
    },
    {
        "plaats": "Utrecht]",
        "standardized place": "Utrecht"
    },
    {
        "plaats": "Amsterdam (Lindengracht)",
        "standardized place": "Amsterdam"
    },
    {
        "plaats": "s.n.",
        "standardized place": ""
    },
    {
        "plaats": "Ghendt",
        "standardized place": "Gent"
    },
    {
        "plaats": "Goes",
        "standardized place": "Goes"
    },
    {
        "plaats": "Wolfenb\u00fcttel",
        "standardized place": "Wolfenbüttel"
    },
    {
        "plaats": "Leipzig",
        "standardized place": "Leipzig"
    },
    {
        "plaats": "Veere",
        "standardized place": "Veere"
    },
    {
        "plaats": "Vlaardingen",
        "standardized place": "Vlaardingen"
    },
    {
        "plaats": "'s Gravenhage]",
        "standardized place": "Den Haag"
    },
    {
        "plaats": "Amsterdam (Pijlsteeg / Burgwal)",
        "standardized place": "Amsterdam"
    },
    {
        "plaats": "Amsterdam (Anjeliersgracht 148)",
        "standardized place": "Amsterdam"
    },
    {
        "plaats": "La Haye",
        "standardized place": "Den Haag"
    },
    {
        "plaats": "Maassluis",
        "standardized place": "Maassluis"
    },
    {
        "plaats": "Saint-Omer",
        "standardized place": "Saint-Omer"
    },
    {
        "plaats": "Amsterdam (in de Nes)",
        "standardized place": "Amsterdam"
    },
    {
        "plaats": "Oudenaarde",
        "standardized place": "Oudenaarde"
    },
    {
        "plaats": "Amsterdam (Anjeliersgracht)",
        "standardized place": "Amsterdam"
    },
    {
        "plaats": "Afschrift van de druk: Haarlem",
        "standardized place": "Haarlem"
    },
    {
        "plaats": "Dordrecht, Bergen op Zoom",
        "standardized place": "Dordrecht"
    },
    {
        "plaats": "Antwerpen (Hopland 41)",
        "standardized place": "Antwerpen"
    },
    {
        "plaats": "Hamburg",
        "standardized place": "Hamburg"
    },
    {
        "plaats": "z.p. [Amsterdam?]",
        "standardized place": "Amsterdam"
    },
    {
        "plaats": "Op Parnas [=Amsterdam]",
        "standardized place": "Amsterdam"
    },
    {
        "plaats": "Geldern",
        "standardized place": "Geldern"
    },
    {
        "plaats": "Amsterdam, Delft, Rotterdam",
        "standardized place": "Delft"
    },
    {
        "plaats": "Amster[dam]",
        "standardized place": "Amsterdam"
    },
    {
        "plaats": "Paris",
        "standardized place": "Parijs"
    },
    {
        "plaats": "Zutphen",
        "standardized place": "Zutphen"
    },
    {
        "plaats": "Kevelaar",
        "standardized place": "Kevelaar"
    },
    {
        "plaats": "Amsterdam - Harlingen",
        "standardized place": "Amsterdam"
    },
    {
        "plaats": "Amsterdam (Rokin)",
        "standardized place": "Amsterdam"
    }    
]
